<?xml version="1.0" encoding="UTF-8"?>
<beans xmlns="http://www.springframework.org/schema/beans"  
       xmlns:xsi="http://www.w3.org/2001/XMLSchema-instance" 
       xmlns:aop="http://www.springframework.org/schema/aop"  
       xmlns:tx="http://www.springframework.org/schema/tx" 
       xmlns:context="http://www.springframework.org/schema/context"  
      xsi:schemaLocation="  
     http://www.springframework.org/schema/context http://www.springframework.org/schema/context/spring-context-3.1.xsd  
     http://www.springframework.org/schema/beans http://www.springframework.org/schema/beans/spring-beans-3.1.xsd  
     http://www.springframework.org/schema/tx http://www.springframework.org/schema/tx/spring-tx-3.1.xsd  
     http://www.springframework.org/schema/aop http://www.springframework.org/schema/aop/spring-aop-3.1.xsd"> 
    
    <bean id="repayDao" class="com.dx.loan.repay.dao.impl.RepayDaoImpl">
    	 <property name="sqlMapClient" ref="sqlMapClient"/>
    </bean>
    
    <bean id="repayServiceImpl" class="com.dx.loan.repay.services.impl.PayServiceImpl">
    	 <property name="repayDao" ref="repayDao" />
    </bean>
    
    <bean id="repayService" class="com.dx.loan.repay.services.impl.RepayService">
    	 <property name="repayDao" ref="repayDao" />
    </bean>
    
    
    
</beans>
